No, Student ID,First Name,Last Name, Social ID, Date of Birth, Gender
1,21127212,An,Pham Do Hoai,123456789,3/1/2003, Female
2,21127581,Anh,Tran Ngoc Viet ,123456790,3/2/2003, Male
3,21127580,Anh, Phan Lam,123456791,3/3/2003, Male
4,21127007,Anh,Nguyen Quoc ,123456792,3/4/2003, Male
5,21127013,Bao,Nguyen Phu Minh ,123456793,3/5/2003, Male
6,21127602,Duy,Nguyen Hoang ,123456794,3/6/2003, Male
7,21127206,Ha,Pham Dang Son ,123456795,3/7/2003, Male
8,21127604,Hai,Nguyen Lam ,123456796,3/8/2003, Male
9,21127038,Han,Vo Phu ,123456797,3/9/2003, Male
10,21127278,Hieu,Nguyen Trong ,123456798,3/10/2003, Male
11,21127307,Huy,Tong Gia ,123456799,3/11/2003, Male
12,21127055,Huy,Huynh Nguyen Minh ,123456800,3/12/2003, Male
13,21127618,Hy,Nguyen Khang ,123456801,3/13/2003, Male
14,21127071,Khanh,Nguyen Cong ,123456803,3/15/2003, Male
15,21127517,Khoa,Nguyen Anh ,123456804,3/16/2003, Male
16,21127632,Khoi,Nguyen Cao ,123456805,3/17/2003, Male
17,21127635,Kiet,Nguyen Khanh Anh ,123456806,3/18/2003, Male
18,21127347,Long,Dang Hoang ,123456808,3/20/2003, Male
19,21127532,Minh,Tran Thu ,123456809,3/21/2003, Male
20,21127303,Minh,Do Nhat ,123456810,3/22/2003, Male
21,21127728,Nam,Nguyen Cao Nhat ,123456811,3/23/2003, Male
22,21127367,Nghia,Do The ,123456812,3/24/2003, Male
23,21127384,Nhi,Duong Hanh ,123456813,3/25/2003,Female
24,21127661,Nhi,Fa Ngoc Uyen ,123456814,3/26/2003,Female
25,21127664,Nien,Tran Dai ,123456815,3/27/2003, Male
26,21127132,Phi,Nguyen Nhat ,123456816,3/28/2003, Male
27,21127403,Quan,Nguyen Minh ,123456817,3/29/2003, Male
28,21127154,Quoc, Cao Huu ,123456818,3/30/2003, Male
29,21127683,Sang,Doan Nguyen Tan ,123456819,3/31/2003, Male
30,21127418,Son,Pham Phi ,123456820,4/1/2003, Male
31,21127164,Thang,Doan Quoc ,123456821,4/2/2003, Male
32,21127692,Thï¿½nh,Truong Vy ,123456822,4/3/2003, Male
33,21127567,Thien,Bui Phuoc ,123456823,4/4/2003, Male
34,21127697,Thu,Le Thi Minh ,123456824,4/5/2003,Female
35,21127448,Thuan,Nguyen Minh ,123456825,4/6/2003,Male
36,21127462,Trung,Mac Tuan ,123456826,4/7/2003,Male
37,21127168,Trung,Le Thanh ,123456827,4/8/2003,Male
38,21127716,Tu,Nguyen Hoang ,123456828,4/9/2003,Male
39,21127561,Tuan,Nguyen Quang ,123456829,4/10/2003,Male
40,21127194,Tuan,Do Anh ,123456830,4/11/2003,Male
41,21127719,Tuan,Nguyen Minh ,123456831,4/12/2003,Male
42,21127718,Tuan,Luu Vinh ,123456832,4/13/2003,Male
43,21127565,Vy,Dinh Thuy Nhat ,123456833,4/14/2003,Female